{
  "$schema": "https://schema.management.azure.com/schemas/2015-01-01/deploymentParameters.json#",
  "contentVersion": "1.0.0.0",
  "parameters": {
    "apiManagementServiceName": {
      "value": "apim-eu2-eapi-infra-sbx"
    },
    "apiAppInsightsName": {
      "value": "appin-eu2-eapi-infra-sbx"
    },
    "salesTaxLogicAppKeyValue": {
      "value": "PzMVdNxvOGNfux6nwhn8u4hcqRZmUuXFKGu2H0FfGR4"
    },
    "salesTaxApiRelativePath": {
      "value": "sbxSalesTax"
    },
    "salesTaxLogicAppBackendName": {
      "value": "la-eu2-eapidomain-salestaxcalc-sbx"
    },
    "salesTaxRestAPIName": {
      "value": "sbx-ent-logic_app-salestax"
    },
    "salesTaxWebURLPath": {
      "value": "https://prod-25.eastus2.logic.azure.com:443/workflows/c4738942c28342bb837d9607e2aa3d66/triggers"
    },
    "salesTaxProductName": {
      "value": "sbxSalesTax"
    },
    "salesTaxApiServiceName": {
      "value": "performTaxCalculation"
    },
    "salesTaxApiFunctionName": {
      "value": "taxcalculate"
    },
    "salesTaxLogicAppResource_Group_Name": {
      "value": "rg-eu2-eapidomain-sales-sbx"
    }
  }
}